{
  "pictures" : {
    "-KVbnaYtW6nITLbzPywF" : {
      "Background" : {
        "Color" : "Black"
      },
      "Created" : "2016-11-02T19:29:48.514355-06:00",
      "Drawables" : [ {
        "FileName" : "Assets/catBed.png",
        "IsSelected" : false,
        "Location" : "166, 167",
        "ReadableName" : "Bed",
        "Scale" : 1.0,
        "Size" : "300, 112"
      } ],
      "PictureName" : "a"
    },
    "-KVbndlBfAM0_JEBnM4p" : {
      "Background" : {
        "Color" : "255, 128, 0"
      },
      "Created" : "2016-11-02T19:30:01.6766031-06:00",
      "Drawables" : [ {
        "FileName" : "Assets/catBowl.png",
        "IsSelected" : false,
        "Location" : "98, 225",
        "ReadableName" : "Bowl",
        "Scale" : 1.0,
        "Size" : "150, 95"
      }, {
        "FileName" : "Assets/cat1.png",
        "IsSelected" : false,
        "Location" : "305, 129",
        "ReadableName" : "Cat",
        "Scale" : 1.0,
        "Size" : "300, 349"
      }, {
        "FileName" : "Assets/cat2.png",
        "IsSelected" : false,
        "Location" : "155, 50",
        "ReadableName" : "Sleeping Cat",
        "Scale" : 1.0,
        "Size" : "250, 231"
      } ],
      "PictureName" : "s"
    },
    "-KVbpCjG9TPCPQPKCVtC" : {
      "Background" : {
        "Color" : "Black"
      },
      "Created" : "2016-11-02T19:29:48.514355-06:00",
      "Drawables" : [ {
        "FileName" : "Assets/catBed.png",
        "IsSelected" : true,
        "Location" : "166, 147",
        "ReadableName" : "Bed",
        "Scale" : 0.9,
        "Size" : "270, 101"
      } ],
      "PictureName" : "g"
    },
    "-KVbpG-ifjmA5bQS4r6Y" : {
      "Background" : {
        "Color" : "Black"
      },
      "Created" : "2016-11-02T19:29:48.514355-06:00",
      "Drawables" : [ {
        "FileName" : "Assets/catBed.png",
        "IsSelected" : false,
        "Location" : "166, 147",
        "ReadableName" : "Bed",
        "Scale" : 0.9,
        "Size" : "270, 101"
      }, {
        "FileName" : "Assets/cat1.png",
        "IsSelected" : false,
        "Location" : "87, 93",
        "ReadableName" : "Cat",
        "Scale" : 1.0,
        "Size" : "300, 349"
      } ],
      "PictureName" : "g"
    }
  }
}
